FLUXO ATUARIAL   -   CIVIL   -   PLANO PREVIDENCIÁRIO   -   BENEFÍCIOS AVALIADOS EM REGIME FINANCEIRO DE CAPITALIZAÇÃO   -   GERAÇÃO ATUAL;;;;;;;;;;;;;;;;;;;;;;;;;;;;;;;;;;;;;;;;;;;;;;;;;;;;;;;;;;;;;;;;;;
INFORMAÇÕES PRELIMINARES;;;;;CONTRIBUIÇÕES FUTURAS DE APOSENTADOS  E PENSIONISTAS -  BENEFÍCIOS CONCEDIDOS;;;;;;;CONTRIBUIÇÕES FUTURAS DO ENTE - BENEFÍCIOS A CONCEDER;;;;;;;;CONTRIBUIÇÕES FUTURAS DOS ATIVOS - BENEFÍCIOS A CONCEDER;;;;;;;;CONTRIB. FUT. APOSENTADOS - BENEF. A CONCEDER;;;;;CONTRIB. FUT. PENSIONISTAS - BENEF. A CONCEDER;;;;;;OUTRAS RECEITAS - BENEF. A CONCEDER;;;;TOTAL;ENCARGOS - BENEFÍCIOS CONCEDIDOS;;;;;;;ENCARGOS - BENEFÍCIOS A CONCEDER;;;;;;;;;;TOTAL;RESULTADOS;;;;
100101;100201;100301;100401;109001;111000;111101;111201;111301;111401;112000;119900;121000;121100;121200;121300;121400;121500;121600;121700;122000;122100;122200;122300;122400;122500;122600;122700;123000;123100;123200;123300;123400;124000;124100;124200;124300;124400;124500;129000;130101;130201;139901;190000;210000;211001;212001;213001;214001;215001;219901;220000;221000;222000;223000;224000;225000;226000;227000;229000;239901;240000;250001;260001;270001;280001;290001
Instante;Ano;Taxa de Juros (%);Fator de Desconto;Base de Cálculo da Contribuição Normal;Benefícios Concedidos - Contribuições dos Aposentados;Benefícios Concedidos - Contribuições Futuras dos Aposentados - Aposentadorias Programadas;Benefícios Concedidos - Contribuições Futuras dos Aposentados - Aposentadorias Especiais de Professores;Benefícios Concedidos - Contribuições Futuras dos Aposentados - Outras Aposentadorias Especiais;Benefícios Concedidos - Contribuições Futuras dos Aposentados - Aposentadorias por Invalidez;Benefícios Concedidos - Contribuições  dos Pensionistas;Benefícios Concedidos - Compensação Previdenciária a Receber;Benefícios a Conceder - Contribuições do Ente;Benefícios a Conceder - Contribuições Futuras do Ente  - Aposentadorias Programadas;Benefícios a Conceder - Contribuições Futuras do Ente  - Aposentadorias Especiais de Professores;Benefícios a Conceder - Contribuições Futuras do Ente  - Outras Aposentadorias Especiais;Benefícios a Conceder - Contribuições Futuras do Ente  - Aposentadorias por Invalidez;Benefícios a Conceder - Contribuições Futuras do Ente  - Pensões Por Morte de Servidores em Atividade;Benefícios a Conceder - Contribuições Futuras do Ente  - Pensões Por Morte de Aposentados;Benefícios a Conceder - Contribuições Futuras do Ente  -  Outros Benefícios e Auxílios;Benefícios a Conceder - Contribuições dos Segurados Ativos;Benefícios a Conceder - Contribuições Futuras dos Segurados Ativos - Aposentadorias Programadas;Benefícios a Conceder - Contribuições Futuras dos Segurados Ativos - Aposentadorias Especiais de Professores;Benefícios a Conceder - Contribuições Futuras dos Segurados Ativos - Outras Aposentadorias Especiais;Benefícios a Conceder - Contribuições Futuras dos Segurados Ativos - Aposentadorias por Invalidez;Benefícios a Conceder - Contribuições Futuras dos Segurados Ativos  - Pensões Por Morte de Segurados em Atividade;Benefícios a Conceder - Contribuições Futuras dos Segurados Ativos - Pensões Por Morte de Aposentados;Benefícios a Conceder - Contribuições Futuras dos Segurados Ativos  -  Outros Benefícios e Auxílios;Benefícios a Conceder - Contribuições dos Aposentados;Benefícios a Conceder - Contribuições Futuras dos Aposentados  - Aposentadorias Programadas;Benefícios a Conceder - Contribuições Futuras dos Aposentados  - Aposentadorias Especiais de Professores;Benefícios a Conceder - Contribuições Futuras dos Aposentados  - Outras Aposentadorias Especiais;Benefícios a Conceder - Contribuições Futuras dos Aposentados  - Aposentadorias por Invalidez;Benefícios a Conceder - Contribuições dos Pensionistas;Benefícios a Conceder - Contribuições Futuras dos Pensionistas - Aposentadorias Programadas;Benefícios a Conceder - Contribuições Futuras dos Pensionistas - Aposentadorias Especiais de Professores;Benefícios a Conceder - Contribuições Futuras dos Pensionistas - Outras Aposentadorias Especiais;Benefícios a Conceder - Contribuições Futuras dos Pensionistas - Aposentadorias por Invalidez;Benefícios a Conceder - Contribuições Futuras dos Pensionistas - Pensões Por Morte de Segurados em Atividade;Benefícios a Conceder - Compensação Previdenciária a Receber;Plano de Amortização do Déficit Atuarial estabelecido em lei;Parcelamentos de Débitos Previdenciários;Valor Atual da Cobertura da Insuficiência Financeira (Outras Receitas);(A) TOTAL DAS RECEITAS COM CONTRIBUIÇÕES E COMPENSAÇÃO PREVIDENCIÁRIA;Benefícios Concedidos -  Encargos;Benefícios Concedidos - Encargos - Aposentadorias Programadas;Benefícios Concedidos - Encargos - Aposentadorias Especiais de Professores;Benefícios Concedidos - Encargos - Outras Aposentadorias Especiais;Benefícios Concedidos - Encargos - Aposentadorias por Invalidez;Benefícios Concedidos - Encargos - Pensões Por Morte;Benefícios Concedidos - Encargos - Compensação Previdenciária a Pagar;Benefícios a Conceder - Encargos;Benefícios a Conceder - Encargos -  Aposentadorias Programadas;Benefícios a Conceder - Encargos -  Aposentadorias Especiais de Professores;Benefícios a Conceder - Encargos -  Outras Aposentadorias Especiais;Benefícios a Conceder - Encargos -  Aposentadorias por Invalidez;Benefícios a Conceder - Encargos -  Pensões Por Morte de Servidores em Atividade;Benefícios a Conceder - Encargos -  Pensões Por Morte de Aposentados;Benefícios a Conceder - Encargos -  Outros Benefícios e Auxílios;Benefícios a Conceder - Encargos -  Compensação Previdenciária a Pagar;Outras Despesas;(B) TOTAL  DAS DESPESAS COM BENEFÍCIOS DO PLANO;(C) INSUFICIÊNCIA OU EXCEDENTE FINANCEIRO (A-B);(D) SALDO ACUMULADO DO EXERCÍCIO  A VALOR ATUAL;(E) RENTABILIDADE ESPERADA (%);(F) Rentabilidade dos Ativos que compõem os Recursos Garantidores;(G) EVOLUÇÃO DOS RECURSOS GARANTIDORES (Informar o valor acumulado na data da avaliação)
;;;;;;;;;;;;;;;;;;;;;;;;;;;;;;;;;;;;;;;;;;;;;;;;;;;;;;;;;;;;;;;;;;53456982,19
1;2023;5,07;0,95175;20519350,8;0;0;0;0;0;0;235291,8515;1846742,484;1846742,484;0;0;0;0;0;0;2872709,871;2872709,871;0;0;0;0;0;0;0;0;0;0;0;0;0;0;0;0;0;1186,080017;0;0;0;4955930,286;3366100,267;1439592,569;791752,5173;0;724601,541;410153,6404;0;16968;16968;0;0;0;0;0;0;0;0;3383068,267;1572862,019;54953953,62;5,07;2790013,101;57819857,31
2;2024;5,07;0,90582;20674238,02;0;0;0;0;0;0;235291,8515;1860680,772;1860680,772;0;0;0;0;0;0;2894396,748;2894396,748;0;0;0;0;0;0;0;0;0;0;0;0;0;0;0;0;0;3517,549995;0;0;0;4993886,921;3366100,267;1439592,569;791752,5173;0;724601,541;410153,6404;0;50321,87732;50321,87732;0;0;0;0;0;0;0;0;3416422,145;1577464,776;59248756,45;5,07;3011444,23;62408766,32
3;2025;5,07;0,86211;20835289,22;0;0;0;0;0;0;235291,8515;1875175,441;1875175,441;0;0;0;0;0;0;2916942,772;2916942,772;0;0;0;0;0;0;0;0;0;0;0;0;0;0;0;0;0;5114,459976;0;0;0;5032524,524;3366100,267;1439592,569;791752,5173;0;724601,541;410153,6404;0;73167,01038;73167,01038;0;0;0;0;0;0;0;0;3439267,278;1593257,246;63782329,32;5,07;3244902,595;67246926,16
4;2026;5,07;0,82051;20805376,56;0;0;0;0;0;0;235291,8515;1872484,591;1872484,591;0;0;0;0;0;0;2912757,701;2912757,701;0;0;0;0;0;0;0;0;0;0;0;0;0;0;0;0;0;18020,1899;0;0;0;5038554,333;3366100,267;1439592,569;791752,5173;0;724601,541;410153,6404;0;257798,6399;257798,6399;0;0;0;0;0;0;0;0;3623898,907;1414655,426;68407665,08;5,07;3481142,186;72142723,77
5;2027;5,07;0,78092;20585144,28;0;0;0;0;0;0;235101,2315;1852660,034;1852660,034;0;0;0;0;0;0;2881920,726;2881920,726;0;0;0;0;0;0;0;0;0;0;0;0;0;0;0;0;0;42074,8998;0;0;0;5011756,891;3363373,267;1439592,569;791752,5173;0;724601,541;407426,6404;0;601927,9048;601927,9048;0;0;0;0;0;0;0;0;3965301,172;1046455,719;72959921,97;5,07;3710691,4;76899870,89
6;2028;5,07;0,74324;20320133,34;0;0;0;0;0;0;235016,5115;1828812,524;1828812,524;0;0;0;0;0;0;2844818,488;2844818,488;0;0;0;0;0;0;0;0;0;0;0;0;0;0;0;0;0;67857,45991;0;0;0;4976504,983;3362161,267;1439592,569;791752,5173;0;724601,541;406214,6404;0;970777,1797;970777,1797;0;0;0;0;0;0;0;0;4332938,447;643566,5363;77378195,28;5,07;3931452,277;81474889,7
7;2029;5,07;0,70738;19978695,83;0;0;0;0;0;0;235016,5115;1798086,054;1798086,054;0;0;0;0;0;0;2797019,302;2797019,302;0;0;0;0;0;0;0;0;0;0;0;0;0;0;0;0;0;97225,77987;0;0;0;4927347,648;3362161,267;1439592,569;791752,5173;0;724601,541;406214,6404;0;1390924,038;1390924,038;0;0;0;0;0;0;0;0;4753085,306;174262,3421;81598159,4;5,07;4139612,009;85788764,05
8;2030;5,07;0,67325;19787512,07;0;0;0;0;0;0;233884,0315;1780879,819;1780879,819;0;0;0;0;0;0;2770251,588;2770251,588;0;0;0;0;0;0;0;0;0;0;0;0;0;0;0;0;0;117487,4699;0;0;0;4902502,909;3345960,867;1401515,569;791752,5173;0;724601,541;428091,2405;0;1680790,119;1680790,119;0;0;0;0;0;0;0;0;5026750,986;-124248,0776;85705114,03;5,07;4343190,96;90007706,94
9;2031;5,07;0,64076;19204635,42;0;0;0;0;0;0;231997,5415;1728419,47;1728419,47;0;0;0;0;0;0;2688653,837;2688653,837;0;0;0;0;0;0;0;0;0;0;0;0;0;0;0;0;0;159247,28;0;0;0;4808318,129;3318973,668;1355560,569;791752,5173;0;724601,541;447059,0411;0;2278211,191;2278211,191;0;0;0;0;0;0;0;0;5597184,859;-788866,7297;89502232,69;5,07;4523395,198;93742235,4
10;2032;5,07;0,60984;18734331,44;0;0;0;0;0;0;231345,1815;1686087,098;1686087,098;0;0;0;0;0;0;2622806,164;2622806,164;0;0;0;0;0;0;0;0;0;0;0;0;0;0;0;0;0;192820,2603;0;0;0;4733058,703;3309641,268;1345056,569;791752,5173;0;719349,541;453482,6412;0;2758511,749;2758511,749;0;0;0;0;0;0;0;0;6068153,017;-1335094,314;92928041,49;5,07;4685042,053;97092183,14
11;2033;5,07;0,58041;18491462,75;0;0;0;0;0;0;226214,5214;1664231,193;1664231,193;0;0;0;0;0;0;2588805,434;2588805,434;0;0;0;0;0;0;0;0;0;0;0;0;0;0;0;0;0;212840,8105;0;0;0;4692091,959;3236241,908;1331926,569;791752,5173;0;708845,541;403717,2813;0;3044927,042;3044927,042;0;0;0;0;0;0;0;0;6281168,95;-1589076,991;96169866,97;5,07;4842007,482;100345113,6
12;2034;5,07;0,5524;17938554,52;0;0;0;0;0;0;220930,6713;1614467,699;1614467,699;0;0;0;0;0;0;2511398,73;2511398,73;0;0;0;0;0;0;0;0;0;0;0;0;0;0;0;0;0;251005,3205;0;0;0;4597802,421;3160650,958;1312231,569;791752,5173;0;708845,541;347821,3311;0;3590907,284;3590907,284;0;0;0;0;0;0;0;0;6751558,242;-2153755,821;99155378,92;5,07;4978301,841;103169659,7
13;2035;5,07;0,52574;17449793,88;0;0;0;0;0;0;215846,0912;1570482,706;1570482,706;0;0;0;0;0;0;2442965,758;2442965,758;0;0;0;0;0;0;0;0;0;0;0;0;0;0;0;0;0;283211,9707;0;0;0;4512506,526;3087910,758;1278093,569;791752,5173;0;708845,541;309219,1309;0;4051656,39;4043217,001;0;0;0;8439,389771;0;0;0;0;7139567,148;-2627060,622;101788508,8;5,07;5097509,771;105640108,8
14;2036;5,07;0,50037;17093184,02;0;0;0;0;0;0;209489,0612;1538386,287;1538386,287;0;0;0;0;0;0;2393046,751;2393046,751;0;0;0;0;0;0;0;0;0;0;0;0;0;0;0;0;0;311551,371;0;0;0;4452473,471;2996967,347;1204745,358;775349,1165;0;708845,541;308027,3312;0;4457082,817;4445733,298;0;0;0;11349,51971;0;0;0;0;7454050,164;-3001576,693;104138209,9;5,07;5203773,578;107842305,7
15;2037;5,07;0,47623;16708611,03;0;0;0;0;0;0;202578,9911;1503775,138;1503775,138;0;0;0;0;0;0;2339204,83;2339204,83;0;0;0;0;0;0;0;0;0;0;0;0;0;0;0;0;0;336905,471;0;0;0;4382464,429;2898111,016;1142899,688;758945,7161;0;704906,541;291359,0709;0;4819800,49;4802269,77;0;0;0;17530,71979;0;0;0;0;7717911,506;-3335447,077;106253865,7;5,07;5298497,732;109805356,3
16;2038;5,07;0,45325;16199538,77;0;0;0;0;0;0;193851,471;1457956,591;1457956,591;0;0;0;0;0;0;2267933,11;2267933,11;0;0;0;0;0;0;0;0;0;0;0;0;0;0;0;0;0;363949,6811;0;0;0;4283690,853;2773255,549;1042168,271;758945,7161;0;693089,541;279052,0214;0;5206700,117;5176443,397;0;0;0;30256,72003;0;0;0;0;7979955,666;-3696264,813;108130024,3;5,07;5379730,941;111488822,5
17;2039;5,07;0,43138;14890491,56;0;0;0;0;0;0;185041,4809;1340144,299;1340144,299;0;0;0;0;0;0;2084665,222;2084665,222;0;0;0;0;0;0;0;0;0;0;0;0;0;0;0;0;0;438072,1213;0;0;0;4047923,123;2647220,398;966540,2301;758945,7161;0;687837,541;233896,9109;0;6267115,107;6211349,347;0;0;0;55765,76031;0;0;0;0;8914335,505;-4866412,382;109389549,5;5,07;5405756,191;112028166,3
18;2040;5,07;0,41056;14003808,04;0;0;0;0;0;0;173980,1407;1260341,368;1260341,368;0;0;0;0;0;0;1960536,052;1960536,052;0;0;0;0;0;0;0;0;0;0;0;0;0;0;0;0;0;484504,8716;0;0;0;3879362,432;2488976,447;851877,7792;758945,7161;0;670768,541;207384,411;0;6931388,538;6853531,988;0;0;0;77856,55072;0;0;0;0;9420364,986;-5541002,553;109753252,3;5,07;5398899,201;111886062,9
19;2041;5,07;0,39075;13379661,86;0;0;0;0;0;0;164240,4406;1204169,309;1204169,309;0;0;0;0;0;0;1873151,373;1873151,373;0;0;0;0;0;0;0;0;0;0;0;0;0;0;0;0;0;514622,2217;0;0;0;3756183,344;2349638,276;737704,2382;758945,7161;0;644140,9006;208847,4207;0;7362253,091;7246330,98;0;0;0;115922,1113;0;0;0;0;9711891,367;-5955708,022;109558870;5,07;5370668,994;111301023,9
20;2042;5,07;0,37189;12254704,45;0;0;0;0;0;0;154522,5505;1102924,722;1102924,722;0;0;0;0;0;0;1715659,647;1715659,647;0;0;0;0;0;0;0;0;0;0;0;0;0;0;0;0;0;572653,3518;0;0;0;3545760,272;2210613,367;690015,5583;752459,9265;0;594790,3715;173347,5103;0;8192456,863;8041586,922;0;0;0;150869,9413;0;0;0;0;10403070,23;-6857309,958;108750858,9;5,07;5295296,297;109739010,2
21;2043;5,07;0,35394;11652731,4;0;0;0;0;0;0;130761,5901;1048745,166;1048745,166;0;0;0;0;0;0;1631385,146;1631385,146;0;0;0;0;0;0;0;0;0;0;0;0;0;0;0;0;0;592130,8117;0;0;0;3403022,713;1870687,155;513698,9978;685678,8757;0;547613,3716;123695,9101;0;8471102,991;8244710,43;10504;0;0;215888,5616;0;0;0;0;10341790,15;-6938767,433;107283102,9;5,07;5211972,31;108012215,1
22;2044;5,07;0,33686;11362599,93;0;0;0;0;0;0;110649,3598;1022630,808;1022630,808;0;0;0;0;0;0;1590762,732;1590762,732;0;0;0;0;0;0;0;0;0;0;0;0;0;0;0;0;0;601922,2419;0;0;0;3325965,142;1582960,515;373734,0071;615564,7756;0;479156,8218;114504,9101;0;8611180,817;8306874,484;15756;0;0;288550,3326;0;0;0;0;10194141,33;-6868176,189;105698601,3;5,07;5128002,773;106272041,7
23;2045;5,07;0,32061;10854990,67;0;0;0;0;0;0;94277,83981;976951,1979;976951,1979;0;0;0;0;0;0;1519700,17;1519700,17;0;0;0;0;0;0;0;0;0;0;0;0;0;0;0;0;0;617437,4316;0;0;0;3208366,639;1348746,827;261659,5984;548986,0273;0;429881,2712;108219,9301;0;8833141,521;8532635,738;15756;0;0;284749,7829;0;0;0;0;10181888,35;-6973521,709;104036260,9;5,07;5034434,963;104332955
24;2046;5,07;0,30514;9458888,172;0;0;0;0;0;0;86108,00983;851299,7689;851299,7689;0;0;0;0;0;0;1324245,393;1324245,393;0;0;0;0;0;0;0;0;0;0;0;0;0;0;0;0;0;667624,6513;0;0;0;2929277,823;1231869,548;219812,3186;508093,3687;0;388283,1411;115680,7197;0;9551123,465;9171815,072;15756;0;0;363552,3928;0;0;0;0;10782993,01;-7853715,189;101936472,3;5,07;4891497,456;101370737,2
25;2047;5,07;0,29042;7517689,78;0;0;0;0;0;0;70459,64993;676592,8592;676592,8592;0;0;0;0;0;0;1052474,493;1052474,493;0;0;0;0;0;0;0;0;0;0;0;0;0;0;0;0;0;762320,7319;0;0;0;2561847,734;1008001,489;170182,0583;418756,2603;0;313683,6305;105379,5399;0;10905853,77;10425680,86;15756;0;0;464416,9037;0;0;0;0;11913855,26;-9352007,523;98654727,19;5,07;4665349,596;96684079,29
26;2048;5,07;0,27641;5773572,761;0;0;0;0;0;0;65770,45995;519622,99;519622,99;0;0;0;0;0;0;808300,7416;808300,7416;0;0;0;0;0;0;0;0;0;0;0;0;0;0;0;0;0;831647,7124;0;0;0;2225341,904;940916,858;133787,2878;418756,2603;0;293831,0702;94542,23975;0;11897655,11;11404009,74;15756;0;0;477889,3741;0;0;0;0;12838571,97;-10613230,06;93750476,37;5,07;4363792,056;90434641,28
27;2049;5,07;0,26307;4796554,85;0;0;0;0;0;0;61849,55994;431689,6181;431689,6181;0;0;0;0;0;0;671517,7387;671517,7387;0;0;0;0;0;0;0;0;0;0;0;0;0;0;0;0;0;845209,7122;0;0;0;2010266,629;884824,2689;133787,2878;389580,1711;0;282014,0702;79442,73975;0;12091679,64;11623951,49;15756;0;0;451972,1434;0;0;0;0;12976503,91;-10966237,28;87549753,24;5,07;4029048,083;83497452,09
28;2050;5,07;0,25038;3709935,889;0;0;0;0;0;0;51091,36012;333892,8499;333892,8499;0;0;0;0;0;0;519390,8344;519390,8344;0;0;0;0;0;0;0;0;0;0;0;0;0;0;0;0;0;865614,2214;0;0;0;1769989,266;730915,92;77115,31873;316975,672;0;261321,1896;75503,73975;0;12383590,2;11960930,23;15756;0;0;406903,9721;0;0;0;0;13114506,12;-11344516,85;80657011,96;5,07;3658153,817;75811089,05
29;2051;5,07;0,2383;2856644,991;0;0;0;0;0;0;44146,27016;257098,4591;257098,4591;0;0;0;0;0;0;399929,9586;399929,9586;0;0;0;0;0;0;0;0;0;0;0;0;0;0;0;0;0;879371,661;0;0;0;1580546,349;631558,4713;28886;307246,3617;0;222100,9299;73325,17963;0;12580414,54;12150914,48;15756;0;0;413744,0629;0;0;0;0;13211973,02;-11631426,67;73039320,08;5,07;3253908,883;67433571,27
30;2052;5,07;0,2268;1911894,42;0;0;0;0;0;0;34399,68011;172070,6803;172070,6803;0;0;0;0;0;0;267665,4818;267665,4818;0;0;0;0;0;0;0;0;0;0;0;0;0;0;0;0;0;895319,3604;0;0;0;1369455,203;492123,7208;15756;244609,031;0;170340,5599;61418,12988;0;12808577,61;12406672,72;15756;0;0;386148,8929;0;0;0;0;13300701,33;-11931246,13;64727564,65;5,07;2813967,885;58316293,03
31;2053;5,07;0,21586;1309168,25;0;0;0;0;0;0;24619,98019;117824,6293;117824,6293;0;0;0;0;0;0;183283,5284;183283,5284;0;0;0;0;0;0;0;0;0;0;0;0;0;0;0;0;0;899594,8198;0;0;0;1225322,958;352214,0305;9191;125475,0703;0;170340,5599;47207,40027;0;12869751;12537771,8;15756;0;0;316223,1931;0;0;0;0;13221965,03;-11996642,07;55726697,87;5,07;2348406,304;48668057,26
32;2054;5,07;0,20544;772778,5913;0;0;0;0;0;0;17954,60014;69550,42947;69550,42947;0;0;0;0;0;0;108189,0291;108189,0291;0;0;0;0;0;0;0;0;0;0;0;0;0;0;0;0;0;894031,3995;0;0;0;1089725,458;256858,8107;0;54743,65063;0;170340,5599;31774,60016;0;12790162,44;12504043,01;15756;0;0;270363,4315;0;0;0;0;13047021,25;-11957295,79;46211550,42;5,07;1861235,607;38571997,08
33;2055;5,07;0,19553;323340,869;0;0;0;0;0;0;14956,96012;29100,89995;29100,89995;0;0;0;0;0;0;45267,72089;45267,72089;0;0;0;0;0;0;0;0;0;0;0;0;0;0;0;0;0;881303,4193;0;0;0;970629,0003;213973,9005;0;38210,90063;0;139330,6199;36432,37994;0;12608078,05;12309461,69;15756;0;0;282860,3616;0;0;0;0;12822051,95;-11851422,95;36254688,35;5,07;1354733,108;28075307,23
34;2056;5,07;0,18609;172436,4022;0;0;0;0;0;0;12035,03005;15519,1599;15519,1599;0;0;0;0;0;0;24141,06044;24141,06044;0;0;0;0;0;0;0;0;0;0;0;0;0;0;0;0;0;841511,6192;0;0;0;893206,8696;172172,5596;0;6368,47998;0;129299,2997;36504,77997;0;12038811,55;11766327,62;15756;0;0;256727,9308;0;0;0;0;12210984,11;-11317777,24;25969182,07;5,07;849606,7709;17607136,77
35;2057;5,07;0,17711;82817,68982;0;0;0;0;0;0;9155,130024;7453,47995;7453,47995;0;0;0;0;0;0;11594,43985;11594,43985;0;0;0;0;0;0;0;0;0;0;0;0;0;0;0;0;0;800715,8392;0;0;0;828918,889;130972,8596;0;0;0;94468,07959;36504,77997;0;11455180,17;11175830,47;15756;0;0;263593,7001;0;0;0;0;11586153,03;-10757234,14;15701923,03;5,07;347290,0635;7197192,697
36;2058;5,07;0,16856;4982,900146;0;0;0;0;0;0;8220,330013;448,45999;448,4599915;0;0;0;0;0;0;697,60001;697,6000061;0;0;0;0;0;0;0;0;0;0;0;0;0;0;0;0;0;744336,8588;0;0;0;753703,2489;117599,5396;0;0;0;81155,35962;36444,17999;0;10648612,34;10355616,33;15756;0;0;277240,0082;0;0;0;0;10766211,88;-10012508,63;5509484,242;5,07;0;0
37;2059;5,07;0,16043;0;0;0;0;0;0;0;7251,930016;0;0;0;0;0;0;0;0;0;0;0;0;0;0;0;0;0;0;0;0;0;0;0;0;0;0;0;700102,6885;0;0;0;707354,6185;103745,7299;0;0;0;70161,94995;33583,77997;0;10015788,43;9748866,479;13130;0;0;253791,9483;0;0;0;0;10119534,16;-9412179,539;-1509995,963;5,07;0;0
38;2060;5,07;0,15269;0;0;0;0;0;0;0;7102,670021;0;0;0;0;0;0;0;0;0;0;0;0;0;0;0;0;0;0;0;0;0;0;0;0;0;0;0;648029,0984;0;0;0;655131,7685;101610,47;0;0;0;64665,25;36945,22003;0;9270816,394;8996415,096;0;0;0;274401,2983;0;0;0;0;9372426,864;-8717295,096;-1331043,788;5,07;0;0
39;2061;5,07;0,14532;0;0;0;0;0;0;0;5997,279991;0;0;0;0;0;0;0;0;0;0;0;0;0;0;0;0;0;0;0;0;0;0;0;0;0;0;0;591270,4283;0;0;0;597267,7083;85796,78973;0;0;0;54103,5697;31693,22003;0;8458816,79;8192081,951;0;0;0;266734,8386;0;0;0;0;8544613,58;-7947345,871;-1154908,302;5,07;0;0
40;2062;5,07;0,13831;0;0;0;0;0;0;0;3037,97998;0;0;0;0;0;0;0;0;0;0;0;0;0;0;0;0;0;0;0;0;0;0;0;0;0;0;0;522835,4686;0;0;0;525873,4486;43461,09955;0;0;0;26109,33948;17351,76007;0;7479776,31;7212565,82;0;0;0;267210,4903;0;0;0;0;7523237,41;-6997363,961;-967805,4094;5,07;0;0
41;2063;5,07;0,13164;0;0;0;0;0;0;0;1844,299992;0;0;0;0;0;0;0;0;0;0;0;0;0;0;0;0;0;0;0;0;0;0;0;0;0;0;0;480765,1286;0;0;0;482609,4286;26384,14984;0;0;0;16490,10962;9894,040222;0;6877910,57;6604445,439;0;0;0;273465,1307;0;0;0;0;6904294,72;-6421685,291;-845350,6518;5,07;0;0
42;2064;5,07;0,12529;0;0;0;0;0;0;0;1844,299992;0;0;0;0;0;0;0;0;0;0;0;0;0;0;0;0;0;0;0;0;0;0;0;0;0;0;0;437179,099;0;0;0;439023,399;26384,14984;0;0;0;16490,10962;9894,040222;0;6254363,293;6003429,472;0;0;0;250933,8206;0;0;0;0;6280747,443;-5841724,044;-731909,6054;5,07;0;0
43;2065;5,07;0,11924;0;0;0;0;0;0;0;1844,299992;0;0;0;0;0;0;0;0;0;0;0;0;0;0;0;0;0;0;0;0;0;0;0;0;0;0;0;371347,5691;0;0;0;373191,8691;26384,14984;0;0;0;16490,10962;9894,040222;0;5312565,883;5080603,912;0;0;0;231961,9711;0;0;0;0;5338950,033;-4965758,164;-592117,0035;5,07;0;0
44;2066;5,07;0,11349;0;0;0;0;0;0;0;1844,299992;0;0;0;0;0;0;0;0;0;0;0;0;0;0;0;0;0;0;0;0;0;0;0;0;0;0;0;313023,4192;0;0;0;314867,7192;26384,14984;0;0;0;16490,10962;9894,040222;0;4478170,414;4254164,283;0;0;0;224006,1309;0;0;0;0;4504554,564;-4189686,845;-475487,56;5,07;0;0
45;2067;5,07;0,10801;0;0;0;0;0;0;0;514,2700005;0;0;0;0;0;0;0;0;0;0;0;0;0;0;0;0;0;0;0;0;0;0;0;0;0;0;0;268724,2992;0;0;0;269238,5692;7357,11993;0;0;0;4122,529907;3234,590027;0;3844418,3;3618059,509;0;0;0;226358,7906;0;0;0;0;3851775,42;-3582536,85;-386949,8052;5,07;0;0
46;2068;5,07;0,1028;0;0;0;0;0;0;0;0;0;0;0;0;0;0;0;0;0;0;0;0;0;0;0;0;0;0;0;0;0;0;0;0;0;0;0;233005,9191;0;0;0;233005,9191;0;0;0;0;0;0;0;3333424,607;3107063,366;0;0;0;226361,241;0;0;0;0;3333424,607;-3100418,688;-318723,0411;5,07;0;0
47;2069;5,07;0,09784;0;0;0;0;0;0;0;0;0;0;0;0;0;0;0;0;0;0;0;0;0;0;0;0;0;0;0;0;0;0;0;0;0;0;0;214797,729;0;0;0;214797,729;0;0;0;0;0;0;0;3072934,703;2876736,404;0;0;0;196198,2998;0;0;0;0;3072934,703;-2858136,974;-279640,1216;5,07;0;0
48;2070;5,07;0,09312;0;0;0;0;0;0;0;0;0;0;0;0;0;0;0;0;0;0;0;0;0;0;0;0;0;0;0;0;0;0;0;0;0;0;0;186515,4688;0;0;0;186515,4688;0;0;0;0;0;0;0;2668326,825;2494000,936;0;0;0;174325,889;0;0;0;0;2668326,825;-2481811,356;-231106,2735;5,07;0;0
49;2071;5,07;0,08863;0;0;0;0;0;0;0;0;0;0;0;0;0;0;0;0;0;0;0;0;0;0;0;0;0;0;0;0;0;0;0;0;0;0;0;154735,5889;0;0;0;154735,5889;0;0;0;0;0;0;0;2213677,601;2050311,68;0;0;0;163365,9204;0;0;0;0;2213677,601;-2058942,012;-182484,0305;5,07;0;0
50;2072;5,07;0,08435;0;0;0;0;0;0;0;0;0;0;0;0;0;0;0;0;0;0;0;0;0;0;0;0;0;0;0;0;0;0;0;0;0;0;0;119897,5691;0;0;0;119897,5691;0;0;0;0;0;0;0;1715278,697;1584496,308;0;0;0;130782,3896;0;0;0;0;1715278,697;-1595381,128;-134570,3982;5,07;0;0
51;2073;5,07;0,08028;0;0;0;0;0;0;0;0;0;0;0;0;0;0;0;0;0;0;0;0;0;0;0;0;0;0;0;0;0;0;0;0;0;0;0;100517,9992;0;0;0;100517,9992;0;0;0;0;0;0;0;1438032,095;1348776,825;0;0;0;89255,26978;0;0;0;0;1438032,095;-1337514,096;-107375,6316;5,07;0;0
52;2074;5,07;0,07641;0;0;0;0;0;0;0;0;0;0;0;0;0;0;0;0;0;0;0;0;0;0;0;0;0;0;0;0;0;0;0;0;0;0;0;75379,28918;0;0;0;75379,28918;0;0;0;0;0;0;0;1078391,399;1020271,449;0;0;0;58119,94977;0;0;0;0;1078391,399;-1003012,11;-76640,15533;5,07;0;0
53;2075;5,07;0,07272;0;0;0;0;0;0;0;0;0;0;0;0;0;0;0;0;0;0;0;0;0;0;0;0;0;0;0;0;0;0;0;0;0;0;0;59758,23948;0;0;0;59758,23948;0;0;0;0;0;0;0;854914,2584;822585,7985;0;0;0;32328,45996;0;0;0;0;854914,2584;-795156,0189;-57823,7457;5,07;0;0
54;2076;5,07;0,06921;0;0;0;0;0;0;0;0;0;0;0;0;0;0;0;0;0;0;0;0;0;0;0;0;0;0;0;0;0;0;0;0;0;0;0;49404,45949;0;0;0;49404,45949;0;0;0;0;0;0;0;706789,9207;684993,6005;0;0;0;21796,32019;0;0;0;0;706789,9207;-657385,4612;-45497,64777;5,07;0;0
55;2077;5,07;0,06587;0;0;0;0;0;0;0;0;0;0;0;0;0;0;0;0;0;0;0;0;0;0;0;0;0;0;0;0;0;0;0;0;0;0;0;37004,00953;0;0;0;37004,00953;0;0;0;0;0;0;0;529388,2872;508478,5071;0;0;0;20909,78015;0;0;0;0;529388,2872;-492384,2777;-32433,35237;5,07;0;0
56;2078;5,07;0,06269;0;0;0;0;0;0;0;0;0;0;0;0;0;0;0;0;0;0;0;0;0;0;0;0;0;0;0;0;0;0;0;0;0;0;0;22385,62985;0;0;0;22385,62985;0;0;0;0;0;0;0;320254,1005;308336,3505;0;0;0;11917,75;0;0;0;0;320254,1005;-297868,4706;-18673,37442;5,07;0;0
57;2079;5,07;0,05966;0;0;0;0;0;0;0;0;0;0;0;0;0;0;0;0;0;0;0;0;0;0;0;0;0;0;0;0;0;0;0;0;0;0;0;11646,02997;0;0;0;11646,02997;0;0;0;0;0;0;0;166611,8112;156756,7511;0;0;0;9855,060059;0;0;0;0;166611,8112;-154965,7812;-9245,25851;5,07;0;0
58;2080;5,07;0,05678;0;0;0;0;0;0;0;0;0;0;0;0;0;0;0;0;0;0;0;0;0;0;0;0;0;0;0;0;0;0;0;0;0;0;0;4468,889999;0;0;0;4468,89;0;0;0;0;0;0;0;63933,61169;63933,61169;0;0;0;0;0;0;0;0;63933,61169;-59464,72169;-3376,4069;5,07;0;0
59;2081;5,07;0,05404;0;0;0;0;0;0;0;0;0;0;0;0;0;0;0;0;0;0;0;0;0;0;0;0;0;0;0;0;0;0;0;0;0;0;0;0;0;0;0;0;0;0;0;0;0;0;0;0;0;0;0;0;0;0;0;0;0;0;0;0;5,07;0;0
60;2082;5,07;0,05143;0;0;0;0;0;0;0;0;0;0;0;0;0;0;0;0;0;0;0;0;0;0;0;0;0;0;0;0;0;0;0;0;0;0;0;0;0;0;0;0;0;0;0;0;0;0;0;0;0;0;0;0;0;0;0;0;0;0;0;0;5,07;0;0
61;2083;5,07;0,04895;0;0;0;0;0;0;0;0;0;0;0;0;0;0;0;0;0;0;0;0;0;0;0;0;0;0;0;0;0;0;0;0;0;0;0;0;0;0;0;0;0;0;0;0;0;0;0;0;0;0;0;0;0;0;0;0;0;0;0;0;5,07;0;0
62;2084;5,07;0,04659;0;0;0;0;0;0;0;0;0;0;0;0;0;0;0;0;0;0;0;0;0;0;0;0;0;0;0;0;0;0;0;0;0;0;0;0;0;0;0;0;0;0;0;0;0;0;0;0;0;0;0;0;0;0;0;0;0;0;0;0;5,07;0;0
63;2085;5,07;0,04434;0;0;0;0;0;0;0;0;0;0;0;0;0;0;0;0;0;0;0;0;0;0;0;0;0;0;0;0;0;0;0;0;0;0;0;0;0;0;0;0;0;0;0;0;0;0;0;0;0;0;0;0;0;0;0;0;0;0;0;0;5,07;0;0
64;2086;5,07;0,0422;0;0;0;0;0;0;0;0;0;0;0;0;0;0;0;0;0;0;0;0;0;0;0;0;0;0;0;0;0;0;0;0;0;0;0;0;0;0;0;0;0;0;0;0;0;0;0;0;0;0;0;0;0;0;0;0;0;0;0;0;5,07;0;0
65;2087;5,07;0,04016;0;0;0;0;0;0;0;0;0;0;0;0;0;0;0;0;0;0;0;0;0;0;0;0;0;0;0;0;0;0;0;0;0;0;0;0;0;0;0;0;0;0;0;0;0;0;0;0;0;0;0;0;0;0;0;0;0;0;0;0;5,07;0;0
66;2088;5,07;0,03822;0;0;0;0;0;0;0;0;0;0;0;0;0;0;0;0;0;0;0;0;0;0;0;0;0;0;0;0;0;0;0;0;0;0;0;0;0;0;0;0;0;0;0;0;0;0;0;0;0;0;0;0;0;0;0;0;0;0;0;0;5,07;0;0
67;2089;5,07;0,03638;0;0;0;0;0;0;0;0;0;0;0;0;0;0;0;0;0;0;0;0;0;0;0;0;0;0;0;0;0;0;0;0;0;0;0;0;0;0;0;0;0;0;0;0;0;0;0;0;0;0;0;0;0;0;0;0;0;0;0;0;5,07;0;0
68;2090;5,07;0,03462;0;0;0;0;0;0;0;0;0;0;0;0;0;0;0;0;0;0;0;0;0;0;0;0;0;0;0;0;0;0;0;0;0;0;0;0;0;0;0;0;0;0;0;0;0;0;0;0;0;0;0;0;0;0;0;0;0;0;0;0;5,07;0;0
69;2091;5,07;0,03295;0;0;0;0;0;0;0;0;0;0;0;0;0;0;0;0;0;0;0;0;0;0;0;0;0;0;0;0;0;0;0;0;0;0;0;0;0;0;0;0;0;0;0;0;0;0;0;0;0;0;0;0;0;0;0;0;0;0;0;0;5,07;0;0
70;2092;5,07;0,03136;0;0;0;0;0;0;0;0;0;0;0;0;0;0;0;0;0;0;0;0;0;0;0;0;0;0;0;0;0;0;0;0;0;0;0;0;0;0;0;0;0;0;0;0;0;0;0;0;0;0;0;0;0;0;0;0;0;0;0;0;5,07;0;0
71;2093;5,07;0,02985;0;0;0;0;0;0;0;0;0;0;0;0;0;0;0;0;0;0;0;0;0;0;0;0;0;0;0;0;0;0;0;0;0;0;0;0;0;0;0;0;0;0;0;0;0;0;0;0;0;0;0;0;0;0;0;0;0;0;0;0;5,07;0;0
72;2094;5,07;0,02841;0;0;0;0;0;0;0;0;0;0;0;0;0;0;0;0;0;0;0;0;0;0;0;0;0;0;0;0;0;0;0;0;0;0;0;0;0;0;0;0;0;0;0;0;0;0;0;0;0;0;0;0;0;0;0;0;0;0;0;0;5,07;0;0
73;2095;5,07;0,02704;0;0;0;0;0;0;0;0;0;0;0;0;0;0;0;0;0;0;0;0;0;0;0;0;0;0;0;0;0;0;0;0;0;0;0;0;0;0;0;0;0;0;0;0;0;0;0;0;0;0;0;0;0;0;0;0;0;0;0;0;5,07;0;0
74;2096;5,07;0,02574;0;0;0;0;0;0;0;0;0;0;0;0;0;0;0;0;0;0;0;0;0;0;0;0;0;0;0;0;0;0;0;0;0;0;0;0;0;0;0;0;0;0;0;0;0;0;0;0;0;0;0;0;0;0;0;0;0;0;0;0;5,07;0;0
75;2097;5,07;0,0245;0;0;0;0;0;0;0;0;0;0;0;0;0;0;0;0;0;0;0;0;0;0;0;0;0;0;0;0;0;0;0;0;0;0;0;0;0;0;0;0;0;0;0;0;0;0;0;0;0;0;0;0;0;0;0;0;0;0;0;0;5,07;0;0
76;2098;0;0,0245;0;0;0;0;0;0;0;0;0;0;0;0;0;0;0;0;0;0;0;0;0;0;0;0;0;0;0;0;0;0;0;0;0;0;0;0;0;0;0;0;0;0;0;0;0;0;0;0;0;0;0;0;0;0;0;0;0;0;0;0;0;0;0
77;2099;0;0,0245;0;0;0;0;0;0;0;0;0;0;0;0;0;0;0;0;0;0;0;0;0;0;0;0;0;0;0;0;0;0;0;0;0;0;0;0;0;0;0;0;0;0;0;0;0;0;0;0;0;0;0;0;0;0;0;0;0;0;0;0;0;0;0
78;2100;0;0,0245;0;0;0;0;0;0;0;0;0;0;0;0;0;0;0;0;0;0;0;0;0;0;0;0;0;0;0;0;0;0;0;0;0;0;0;0;0;0;0;0;0;0;0;0;0;0;0;0;0;0;0;0;0;0;0;0;0;0;0;0;0;0;0
79;2101;0;0,0245;0;0;0;0;0;0;0;0;0;0;0;0;0;0;0;0;0;0;0;0;0;0;0;0;0;0;0;0;0;0;0;0;0;0;0;0;0;0;0;0;0;0;0;0;0;0;0;0;0;0;0;0;0;0;0;0;0;0;0;0;0;0;0
80;2102;0;0,0245;0;0;0;0;0;0;0;0;0;0;0;0;0;0;0;0;0;0;0;0;0;0;0;0;0;0;0;0;0;0;0;0;0;0;0;0;0;0;0;0;0;0;0;0;0;0;0;0;0;0;0;0;0;0;0;0;0;0;0;0;0;0;0
81;2103;0;0,0245;0;0;0;0;0;0;0;0;0;0;0;0;0;0;0;0;0;0;0;0;0;0;0;0;0;0;0;0;0;0;0;0;0;0;0;0;0;0;0;0;0;0;0;0;0;0;0;0;0;0;0;0;0;0;0;0;0;0;0;0;0;0;0
82;2104;0;0,0245;0;0;0;0;0;0;0;0;0;0;0;0;0;0;0;0;0;0;0;0;0;0;0;0;0;0;0;0;0;0;0;0;0;0;0;0;0;0;0;0;0;0;0;0;0;0;0;0;0;0;0;0;0;0;0;0;0;0;0;0;0;0;0
83;2105;0;0,0245;0;0;0;0;0;0;0;0;0;0;0;0;0;0;0;0;0;0;0;0;0;0;0;0;0;0;0;0;0;0;0;0;0;0;0;0;0;0;0;0;0;0;0;0;0;0;0;0;0;0;0;0;0;0;0;0;0;0;0;0;0;0;0
84;2106;0;0,0245;0;0;0;0;0;0;0;0;0;0;0;0;0;0;0;0;0;0;0;0;0;0;0;0;0;0;0;0;0;0;0;0;0;0;0;0;0;0;0;0;0;0;0;0;0;0;0;0;0;0;0;0;0;0;0;0;0;0;0;0;0;0;0
85;2107;0;0,0245;0;0;0;0;0;0;0;0;0;0;0;0;0;0;0;0;0;0;0;0;0;0;0;0;0;0;0;0;0;0;0;0;0;0;0;0;0;0;0;0;0;0;0;0;0;0;0;0;0;0;0;0;0;0;0;0;0;0;0;0;0;0;0
86;2108;0;0,0245;0;0;0;0;0;0;0;0;0;0;0;0;0;0;0;0;0;0;0;0;0;0;0;0;0;0;0;0;0;0;0;0;0;0;0;0;0;0;0;0;0;0;0;0;0;0;0;0;0;0;0;0;0;0;0;0;0;0;0;0;0;0;0
87;2109;0;0,0245;0;0;0;0;0;0;0;0;0;0;0;0;0;0;0;0;0;0;0;0;0;0;0;0;0;0;0;0;0;0;0;0;0;0;0;0;0;0;0;0;0;0;0;0;0;0;0;0;0;0;0;0;0;0;0;0;0;0;0;0;0;0;0
88;2110;0;0,0245;0;0;0;0;0;0;0;0;0;0;0;0;0;0;0;0;0;0;0;0;0;0;0;0;0;0;0;0;0;0;0;0;0;0;0;0;0;0;0;0;0;0;0;0;0;0;0;0;0;0;0;0;0;0;0;0;0;0;0;0;0;0;0
89;2111;0;0,0245;0;0;0;0;0;0;0;0;0;0;0;0;0;0;0;0;0;0;0;0;0;0;0;0;0;0;0;0;0;0;0;0;0;0;0;0;0;0;0;0;0;0;0;0;0;0;0;0;0;0;0;0;0;0;0;0;0;0;0;0;0;0;0
90;2112;0;0,0245;0;0;0;0;0;0;0;0;0;0;0;0;0;0;0;0;0;0;0;0;0;0;0;0;0;0;0;0;0;0;0;0;0;0;0;0;0;0;0;0;0;0;0;0;0;0;0;0;0;0;0;0;0;0;0;0;0;0;0;0;0;0;0
91;2113;0;0,0245;0;0;0;0;0;0;0;0;0;0;0;0;0;0;0;0;0;0;0;0;0;0;0;0;0;0;0;0;0;0;0;0;0;0;0;0;0;0;0;0;0;0;0;0;0;0;0;0;0;0;0;0;0;0;0;0;0;0;0;0;0;0;0
92;2114;0;0,0245;0;0;0;0;0;0;0;0;0;0;0;0;0;0;0;0;0;0;0;0;0;0;0;0;0;0;0;0;0;0;0;0;0;0;0;0;0;0;0;0;0;0;0;0;0;0;0;0;0;0;0;0;0;0;0;0;0;0;0;0;0;0;0
93;2115;0;0,0245;0;0;0;0;0;0;0;0;0;0;0;0;0;0;0;0;0;0;0;0;0;0;0;0;0;0;0;0;0;0;0;0;0;0;0;0;0;0;0;0;0;0;0;0;0;0;0;0;0;0;0;0;0;0;0;0;0;0;0;0;0;0;0
94;2116;0;0,0245;0;0;0;0;0;0;0;0;0;0;0;0;0;0;0;0;0;0;0;0;0;0;0;0;0;0;0;0;0;0;0;0;0;0;0;0;0;0;0;0;0;0;0;0;0;0;0;0;0;0;0;0;0;0;0;0;0;0;0;0;0;0;0
95;2117;0;0,0245;0;0;0;0;0;0;0;0;0;0;0;0;0;0;0;0;0;0;0;0;0;0;0;0;0;0;0;0;0;0;0;0;0;0;0;0;0;0;0;0;0;0;0;0;0;0;0;0;0;0;0;0;0;0;0;0;0;0;0;0;0;0;0
96;2118;0;0,0245;0;0;0;0;0;0;0;0;0;0;0;0;0;0;0;0;0;0;0;0;0;0;0;0;0;0;0;0;0;0;0;0;0;0;0;0;0;0;0;0;0;0;0;0;0;0;0;0;0;0;0;0;0;0;0;0;0;0;0;0;0;0;0
97;2119;0;0,0245;0;0;0;0;0;0;0;0;0;0;0;0;0;0;0;0;0;0;0;0;0;0;0;0;0;0;0;0;0;0;0;0;0;0;0;0;0;0;0;0;0;0;0;0;0;0;0;0;0;0;0;0;0;0;0;0;0;0;0;0;0;0;0
98;2120;0;0,0245;0;0;0;0;0;0;0;0;0;0;0;0;0;0;0;0;0;0;0;0;0;0;0;0;0;0;0;0;0;0;0;0;0;0;0;0;0;0;0;0;0;0;0;0;0;0;0;0;0;0;0;0;0;0;0;0;0;0;0;0;0;0;0
99;2121;0;0,0245;0;0;0;0;0;0;0;0;0;0;0;0;0;0;0;0;0;0;0;0;0;0;0;0;0;0;0;0;0;0;0;0;0;0;0;0;0;0;0;0;0;0;0;0;0;0;0;0;0;0;0;0;0;0;0;0;0;0;0;0;0;0;0
100;2122;0;0,0245;0;0;0;0;0;0;0;0;0;0;0;0;0;0;0;0;0;0;0;0;0;0;0;0;0;0;0;0;0;0;0;0;0;0;0;0;0;0;0;0;0;0;0;0;0;0;0;0;0;0;0;0;0;0;0;0;0;0;0;0;0;0;0
101;2123;0;0,0245;0;0;0;0;0;0;0;0;0;0;0;0;0;0;0;0;0;0;0;0;0;0;0;0;0;0;0;0;0;0;0;0;0;0;0;0;0;0;0;0;0;0;0;0;0;0;0;0;0;0;0;0;0;0;0;0;0;0;0;0;0;0;0
102;2124;0;0,0245;0;0;0;0;0;0;0;0;0;0;0;0;0;0;0;0;0;0;0;0;0;0;0;0;0;0;0;0;0;0;0;0;0;0;0;0;0;0;0;0;0;0;0;0;0;0;0;0;0;0;0;0;0;0;0;0;0;0;0;0;0;0;0
103;2125;0;0,0245;0;0;0;0;0;0;0;0;0;0;0;0;0;0;0;0;0;0;0;0;0;0;0;0;0;0;0;0;0;0;0;0;0;0;0;0;0;0;0;0;0;0;0;0;0;0;0;0;0;0;0;0;0;0;0;0;0;0;0;0;0;0;0
104;2126;0;0,0245;0;0;0;0;0;0;0;0;0;0;0;0;0;0;0;0;0;0;0;0;0;0;0;0;0;0;0;0;0;0;0;0;0;0;0;0;0;0;0;0;0;0;0;0;0;0;0;0;0;0;0;0;0;0;0;0;0;0;0;0;0;0;0
105;2127;0;0,0245;0;0;0;0;0;0;0;0;0;0;0;0;0;0;0;0;0;0;0;0;0;0;0;0;0;0;0;0;0;0;0;0;0;0;0;0;0;0;0;0;0;0;0;0;0;0;0;0;0;0;0;0;0;0;0;0;0;0;0;0;0;0;0
106;2128;0;0,0245;0;0;0;0;0;0;0;0;0;0;0;0;0;0;0;0;0;0;0;0;0;0;0;0;0;0;0;0;0;0;0;0;0;0;0;0;0;0;0;0;0;0;0;0;0;0;0;0;0;0;0;0;0;0;0;0;0;0;0;0;0;0;0
107;2129;0;0,0245;0;0;0;0;0;0;0;0;0;0;0;0;0;0;0;0;0;0;0;0;0;0;0;0;0;0;0;0;0;0;0;0;0;0;0;0;0;0;0;0;0;0;0;0;0;0;0;0;0;0;0;0;0;0;0;0;0;0;0;0;0;0;0
108;2130;0;0,0245;0;0;0;0;0;0;0;0;0;0;0;0;0;0;0;0;0;0;0;0;0;0;0;0;0;0;0;0;0;0;0;0;0;0;0;0;0;0;0;0;0;0;0;0;0;0;0;0;0;0;0;0;0;0;0;0;0;0;0;0;0;0;0
109;2131;0;0,0245;0;0;0;0;0;0;0;0;0;0;0;0;0;0;0;0;0;0;0;0;0;0;0;0;0;0;0;0;0;0;0;0;0;0;0;0;0;0;0;0;0;0;0;0;0;0;0;0;0;0;0;0;0;0;0;0;0;0;0;0;0;0;0
110;2132;0;0,0245;0;0;0;0;0;0;0;0;0;0;0;0;0;0;0;0;0;0;0;0;0;0;0;0;0;0;0;0;0;0;0;0;0;0;0;0;0;0;0;0;0;0;0;0;0;0;0;0;0;0;0;0;0;0;0;0;0;0;0;0;0;0;0
111;2133;0;0,0245;0;0;0;0;0;0;0;0;0;0;0;0;0;0;0;0;0;0;0;0;0;0;0;0;0;0;0;0;0;0;0;0;0;0;0;0;0;0;0;0;0;0;0;0;0;0;0;0;0;0;0;0;0;0;0;0;0;0;0;0;0;0;0
112;2134;0;0,0245;0;0;0;0;0;0;0;0;0;0;0;0;0;0;0;0;0;0;0;0;0;0;0;0;0;0;0;0;0;0;0;0;0;0;0;0;0;0;0;0;0;0;0;0;0;0;0;0;0;0;0;0;0;0;0;0;0;0;0;0;0;0;0
113;2135;0;0,0245;0;0;0;0;0;0;0;0;0;0;0;0;0;0;0;0;0;0;0;0;0;0;0;0;0;0;0;0;0;0;0;0;0;0;0;0;0;0;0;0;0;0;0;0;0;0;0;0;0;0;0;0;0;0;0;0;0;0;0;0;0;0;0
114;2136;0;0,0245;0;0;0;0;0;0;0;0;0;0;0;0;0;0;0;0;0;0;0;0;0;0;0;0;0;0;0;0;0;0;0;0;0;0;0;0;0;0;0;0;0;0;0;0;0;0;0;0;0;0;0;0;0;0;0;0;0;0;0;0;0;0;0
115;2137;0;0,0245;0;0;0;0;0;0;0;0;0;0;0;0;0;0;0;0;0;0;0;0;0;0;0;0;0;0;0;0;0;0;0;0;0;0;0;0;0;0;0;0;0;0;0;0;0;0;0;0;0;0;0;0;0;0;0;0;0;0;0;0;0;0;0
116;2138;0;0,0245;0;0;0;0;0;0;0;0;0;0;0;0;0;0;0;0;0;0;0;0;0;0;0;0;0;0;0;0;0;0;0;0;0;0;0;0;0;0;0;0;0;0;0;0;0;0;0;0;0;0;0;0;0;0;0;0;0;0;0;0;0;0;0
117;2139;0;0,0245;0;0;0;0;0;0;0;0;0;0;0;0;0;0;0;0;0;0;0;0;0;0;0;0;0;0;0;0;0;0;0;0;0;0;0;0;0;0;0;0;0;0;0;0;0;0;0;0;0;0;0;0;0;0;0;0;0;0;0;0;0;0;0
118;2140;0;0,0245;0;0;0;0;0;0;0;0;0;0;0;0;0;0;0;0;0;0;0;0;0;0;0;0;0;0;0;0;0;0;0;0;0;0;0;0;0;0;0;0;0;0;0;0;0;0;0;0;0;0;0;0;0;0;0;0;0;0;0;0;0;0;0
119;2141;0;0,0245;0;0;0;0;0;0;0;0;0;0;0;0;0;0;0;0;0;0;0;0;0;0;0;0;0;0;0;0;0;0;0;0;0;0;0;0;0;0;0;0;0;0;0;0;0;0;0;0;0;0;0;0;0;0;0;0;0;0;0;0;0;0;0
120;2142;0;0,0245;0;0;0;0;0;0;0;0;0;0;0;0;0;0;0;0;0;0;0;0;0;0;0;0;0;0;0;0;0;0;0;0;0;0;0;0;0;0;0;0;0;0;0;0;0;0;0;0;0;0;0;0;0;0;0;0;0;0;0;0;0;0;0
121;2143;0;0,0245;0;0;0;0;0;0;0;0;0;0;0;0;0;0;0;0;0;0;0;0;0;0;0;0;0;0;0;0;0;0;0;0;0;0;0;0;0;0;0;0;0;0;0;0;0;0;0;0;0;0;0;0;0;0;0;0;0;0;0;0;0;0;0
122;2144;0;0,0245;0;0;0;0;0;0;0;0;0;0;0;0;0;0;0;0;0;0;0;0;0;0;0;0;0;0;0;0;0;0;0;0;0;0;0;0;0;0;0;0;0;0;0;0;0;0;0;0;0;0;0;0;0;0;0;0;0;0;0;0;0;0;0
123;2145;0;0,0245;0;0;0;0;0;0;0;0;0;0;0;0;0;0;0;0;0;0;0;0;0;0;0;0;0;0;0;0;0;0;0;0;0;0;0;0;0;0;0;0;0;0;0;0;0;0;0;0;0;0;0;0;0;0;0;0;0;0;0;0;0;0;0
124;2146;0;0,0245;0;0;0;0;0;0;0;0;0;0;0;0;0;0;0;0;0;0;0;0;0;0;0;0;0;0;0;0;0;0;0;0;0;0;0;0;0;0;0;0;0;0;0;0;0;0;0;0;0;0;0;0;0;0;0;0;0;0;0;0;0;0;0
125;2147;0;0,0245;0;0;0;0;0;0;0;0;0;0;0;0;0;0;0;0;0;0;0;0;0;0;0;0;0;0;0;0;0;0;0;0;0;0;0;0;0;0;0;0;0;0;0;0;0;0;0;0;0;0;0;0;0;0;0;0;0;0;0;0;0;0;0
126;2148;0;0,0245;0;0;0;0;0;0;0;0;0;0;0;0;0;0;0;0;0;0;0;0;0;0;0;0;0;0;0;0;0;0;0;0;0;0;0;0;0;0;0;0;0;0;0;0;0;0;0;0;0;0;0;0;0;0;0;0;0;0;0;0;0;0;0
127;2149;0;0,0245;0;0;0;0;0;0;0;0;0;0;0;0;0;0;0;0;0;0;0;0;0;0;0;0;0;0;0;0;0;0;0;0;0;0;0;0;0;0;0;0;0;0;0;0;0;0;0;0;0;0;0;0;0;0;0;0;0;0;0;0;0;0;0
128;2150;0;0,0245;0;0;0;0;0;0;0;0;0;0;0;0;0;0;0;0;0;0;0;0;0;0;0;0;0;0;0;0;0;0;0;0;0;0;0;0;0;0;0;0;0;0;0;0;0;0;0;0;0;0;0;0;0;0;0;0;0;0;0;0;0;0;0
129;2151;0;0,0245;0;0;0;0;0;0;0;0;0;0;0;0;0;0;0;0;0;0;0;0;0;0;0;0;0;0;0;0;0;0;0;0;0;0;0;0;0;0;0;0;0;0;0;0;0;0;0;0;0;0;0;0;0;0;0;0;0;0;0;0;0;0;0
130;2152;0;0,0245;0;0;0;0;0;0;0;0;0;0;0;0;0;0;0;0;0;0;0;0;0;0;0;0;0;0;0;0;0;0;0;0;0;0;0;0;0;0;0;0;0;0;0;0;0;0;0;0;0;0;0;0;0;0;0;0;0;0;0;0;0;0;0
131;2153;0;0,0245;0;0;0;0;0;0;0;0;0;0;0;0;0;0;0;0;0;0;0;0;0;0;0;0;0;0;0;0;0;0;0;0;0;0;0;0;0;0;0;0;0;0;0;0;0;0;0;0;0;0;0;0;0;0;0;0;0;0;0;0;0;0;0
132;2154;0;0,0245;0;0;0;0;0;0;0;0;0;0;0;0;0;0;0;0;0;0;0;0;0;0;0;0;0;0;0;0;0;0;0;0;0;0;0;0;0;0;0;0;0;0;0;0;0;0;0;0;0;0;0;0;0;0;0;0;0;0;0;0;0;0;0
133;2155;0;0,0245;0;0;0;0;0;0;0;0;0;0;0;0;0;0;0;0;0;0;0;0;0;0;0;0;0;0;0;0;0;0;0;0;0;0;0;0;0;0;0;0;0;0;0;0;0;0;0;0;0;0;0;0;0;0;0;0;0;0;0;0;0;0;0
134;2156;0;0,0245;0;0;0;0;0;0;0;0;0;0;0;0;0;0;0;0;0;0;0;0;0;0;0;0;0;0;0;0;0;0;0;0;0;0;0;0;0;0;0;0;0;0;0;0;0;0;0;0;0;0;0;0;0;0;0;0;0;0;0;0;0;0;0
135;2157;0;0,0245;0;0;0;0;0;0;0;0;0;0;0;0;0;0;0;0;0;0;0;0;0;0;0;0;0;0;0;0;0;0;0;0;0;0;0;0;0;0;0;0;0;0;0;0;0;0;0;0;0;0;0;0;0;0;0;0;0;0;0;0;0;0;0
136;2158;0;0,0245;0;0;0;0;0;0;0;0;0;0;0;0;0;0;0;0;0;0;0;0;0;0;0;0;0;0;0;0;0;0;0;0;0;0;0;0;0;0;0;0;0;0;0;0;0;0;0;0;0;0;0;0;0;0;0;0;0;0;0;0;0;0;0
137;2159;0;0,0245;0;0;0;0;0;0;0;0;0;0;0;0;0;0;0;0;0;0;0;0;0;0;0;0;0;0;0;0;0;0;0;0;0;0;0;0;0;0;0;0;0;0;0;0;0;0;0;0;0;0;0;0;0;0;0;0;0;0;0;0;0;0;0
138;2160;0;0,0245;0;0;0;0;0;0;0;0;0;0;0;0;0;0;0;0;0;0;0;0;0;0;0;0;0;0;0;0;0;0;0;0;0;0;0;0;0;0;0;0;0;0;0;0;0;0;0;0;0;0;0;0;0;0;0;0;0;0;0;0;0;0;0
139;2161;0;0,0245;0;0;0;0;0;0;0;0;0;0;0;0;0;0;0;0;0;0;0;0;0;0;0;0;0;0;0;0;0;0;0;0;0;0;0;0;0;0;0;0;0;0;0;0;0;0;0;0;0;0;0;0;0;0;0;0;0;0;0;0;0;0;0
140;2162;0;0,0245;0;0;0;0;0;0;0;0;0;0;0;0;0;0;0;0;0;0;0;0;0;0;0;0;0;0;0;0;0;0;0;0;0;0;0;0;0;0;0;0;0;0;0;0;0;0;0;0;0;0;0;0;0;0;0;0;0;0;0;0;0;0;0
141;2163;0;0,0245;0;0;0;0;0;0;0;0;0;0;0;0;0;0;0;0;0;0;0;0;0;0;0;0;0;0;0;0;0;0;0;0;0;0;0;0;0;0;0;0;0;0;0;0;0;0;0;0;0;0;0;0;0;0;0;0;0;0;0;0;0;0;0
142;2164;0;0,0245;0;0;0;0;0;0;0;0;0;0;0;0;0;0;0;0;0;0;0;0;0;0;0;0;0;0;0;0;0;0;0;0;0;0;0;0;0;0;0;0;0;0;0;0;0;0;0;0;0;0;0;0;0;0;0;0;0;0;0;0;0;0;0
143;2165;0;0,0245;0;0;0;0;0;0;0;0;0;0;0;0;0;0;0;0;0;0;0;0;0;0;0;0;0;0;0;0;0;0;0;0;0;0;0;0;0;0;0;0;0;0;0;0;0;0;0;0;0;0;0;0;0;0;0;0;0;0;0;0;0;0;0
144;2166;0;0,0245;0;0;0;0;0;0;0;0;0;0;0;0;0;0;0;0;0;0;0;0;0;0;0;0;0;0;0;0;0;0;0;0;0;0;0;0;0;0;0;0;0;0;0;0;0;0;0;0;0;0;0;0;0;0;0;0;0;0;0;0;0;0;0
145;2167;0;0,0245;0;0;0;0;0;0;0;0;0;0;0;0;0;0;0;0;0;0;0;0;0;0;0;0;0;0;0;0;0;0;0;0;0;0;0;0;0;0;0;0;0;0;0;0;0;0;0;0;0;0;0;0;0;0;0;0;0;0;0;0;0;0;0
146;2168;0;0,0245;0;0;0;0;0;0;0;0;0;0;0;0;0;0;0;0;0;0;0;0;0;0;0;0;0;0;0;0;0;0;0;0;0;0;0;0;0;0;0;0;0;0;0;0;0;0;0;0;0;0;0;0;0;0;0;0;0;0;0;0;0;0;0
147;2169;0;0,0245;0;0;0;0;0;0;0;0;0;0;0;0;0;0;0;0;0;0;0;0;0;0;0;0;0;0;0;0;0;0;0;0;0;0;0;0;0;0;0;0;0;0;0;0;0;0;0;0;0;0;0;0;0;0;0;0;0;0;0;0;0;0;0
148;2170;0;0,0245;0;0;0;0;0;0;0;0;0;0;0;0;0;0;0;0;0;0;0;0;0;0;0;0;0;0;0;0;0;0;0;0;0;0;0;0;0;0;0;0;0;0;0;0;0;0;0;0;0;0;0;0;0;0;0;0;0;0;0;0;0;0;0
149;2171;0;0,0245;0;0;0;0;0;0;0;0;0;0;0;0;0;0;0;0;0;0;0;0;0;0;0;0;0;0;0;0;0;0;0;0;0;0;0;0;0;0;0;0;0;0;0;0;0;0;0;0;0;0;0;0;0;0;0;0;0;0;0;0;0;0;0
150;2172;0;0,0245;0;0;0;0;0;0;0;0;0;0;0;0;0;0;0;0;0;0;0;0;0;0;0;0;0;0;0;0;0;0;0;0;0;0;0;0;0;0;0;0;0;0;0;0;0;0;0;0;0;0;0;0;0;0;0;0;0;0;0;0;0;0;0
Totais de Controle:;;;;432415545,4;0;0;0;0;0;0;5157960,98;38917399,05;38917399,05;0;0;0;0;0;0;60538190,17;60538190,17;0;0;0;0;0;0;0;0;0;0;0;0;0;0;0;0;0;22696755,13;0;0;0;127310305,3;73790162,98;26675093,39;20294365,25;0;18529962,62;8290741,71;0;324703185;315150314,4;259974;0;0;9292896,51;0;0;0;0;398493347,9;-271183042,6;DÉFICIT ATUARIAL;;;
Totais de Controle  a Valor Atual:;;;;253234530,2;0;0;0;0;0;0;2981322,4;22791108,58;22791108,58;0;0;0;0;0;0;35452846,24;35452846,24;0;0;0;0;0;0;0;0;0;0;0;0;0;0;0;0;0;5968610,43;0;0;0;67193887,65;42651011,46;16654306,41;11090914,79;0;10007848,09;4897942,17;0;85387764,1;83358965,75;63437,31;0;0;1965361,04;0;0;0;0;128038775,6;-60844887,91;-7387905,72;;;
